<?xml version="1.0" encoding="ISO-8859-1" ?>

<!DOCTYPE struts-config PUBLIC
          "-//Apache Software Foundation//DTD Struts Configuration 1.1//EN"
          "http://jakarta.apache.org/struts/dtds/struts-config_1_1.dtd">

<struts-config>
	<data-sources>
		<data-source type="org.apache.commons.dbcp.BasicDataSource">
			<set-property property="description" value="mySql4 datasource on startrade db"/>
			<set-property property="driverClassName" value="com.mysql.jdbc.Driver"/>
			<set-property property="username" value=""/>
			<set-property property="password" value=""/>
			<set-property property="url" value="jdbc:mysql://localhost/startrade"/>
			<set-property property="defaultAutoCommit" value="true"/>
		</data-source>
	</data-sources>

	<form-beans>
		<form-bean name="loginForm" type="org.apache.struts.action.DynaActionForm">
			<form-property name="username" type="java.lang.String"/>
			<form-property name="password" type="java.lang.String"/>
		</form-bean>
	</form-beans>
	
	<global-forwards>
		<forward name="foo" path="/foo.jsp"/>
		<forward name="foo2" path="/test.html"/>
		<forward name="foo3" path="/menuPage.do"/>
		<forward name="foo4" path="/menu.jsp"/>
	</global-forwards>
	
	<action-mappings>
		<action  path="/login" type="com.oshineye.startrade.actions.LoginAction" scope="request" name="loginForm" validate="false" input="/login.jsp">
			<forward name="success" path="/index.jsp"/>
			<forward name="failure" path="/login.jsp"/>
		</action>
		
		<action path="/test" forward="/test.html"/>
		<action path="/loginPage" forward="/login.jsp"/>
		<action path="/menuPage" forward="/menu.jsp"/>
	</action-mappings>
</struts-config>
