<!DOCTYPE weblogic-web-app PUBLIC "-//BEA Systems, Inc.//DTD Web Application 6.0//EN" "http://www.bea.com/servers/wls600/dtd/weblogic-web-jar.dtd">
<weblogic-web-app>
	<jsp-descriptor>
		<jsp-param>
			<param-name>precompile</param-name>
			<param-value>true</param-value>
		</jsp-param>
		<jsp-param>
			<param-name>pageCheckSeconds</param-name>
			<param-value>-1</param-value><!--Disable page checking as we're not going to refresh-->
		</jsp-param>
	</jsp-descriptor>
</weblogic-web-app>
